{"cameraMode":{"drawMode":0,"name":"Shaded","section":"Shading Mode"},"sceneLighting":false,"audioPlay":false,"sceneViewState":{"showFog":true,"showMaterialUpdate":true,"showSkybox":true,"showFlares":true,"showImageEffects":true,"showParticleSystems":true},"in2DMode":false,"pivot":{"x":0.006876066327095032,"y":0.06299402564764023,"z":0.001619577407836914},"rotation":{"x":-0.0008972009527496994,"y":0.046483319252729419,"z":-0.000041734525439096615,"w":-0.9989187121391296},"size":1.4334523677825928,"orthographic":false}