{"cameraMode":{"drawMode":0,"name":"Shaded","section":"Shading Mode"},"sceneLighting":false,"audioPlay":false,"sceneViewState":{"showFog":true,"showMaterialUpdate":true,"showSkybox":true,"showFlares":true,"showImageEffects":true,"showParticleSystems":true},"in2DMode":false,"pivot":{"x":-0.21526885032653809,"y":0.30297571420669558,"z":-0.08150005340576172},"rotation":{"x":-0.04288186505436897,"y":0.011988705024123192,"z":-0.0005146007752045989,"w":-0.999008059501648},"size":9.58738899230957,"orthographic":false}